City_ID,City,Country,Date,Lat,Lng,Max Temp,Humidity,Cloudiness,Wind Speed
0,Mataura,NZ,2022-11-15 00:25:33,-46.1927,168.8643,295.84,37,32,2.17
1,Nikolskoye,RU,2022-11-15 00:25:33,59.7035,30.7861,274.15,98,100,2.73
2,Port Augusta,AU,2022-11-15 00:25:34,-32.5,137.7667,288.93,54,99,6.07
3,Carora,VE,2022-11-15 00:25:34,10.1755,-70.0827,297.74,83,82,2.14
4,Dongsheng,CN,2022-11-15 00:25:35,39.8161,109.9776,272.14,39,0,3.02
5,Palmer,US,2022-11-15 00:25:35,42.1584,-72.3287,275.16,69,0,0.0
6,Yellowknife,CA,2022-11-15 00:25:36,62.456,-114.3525,269.44,100,100,6.71
7,Ushuaia,AR,2022-11-15 00:21:41,-54.8,-68.3,284.94,81,0,1.03
8,Talara,PE,2022-11-15 00:25:37,-4.5772,-81.2719,290.74,90,61,5.33
9,Baruun-Urt,MN,2022-11-15 00:25:37,46.6806,113.2792,265.8,53,4,3.62
10,Busselton,AU,2022-11-15 00:25:37,-33.65,115.3333,289.07,57,0,5.03
11,Red Bluff,US,2022-11-15 00:20:41,40.1785,-122.2358,291.53,29,0,2.57
12,Pangody,RU,2022-11-15 00:25:38,65.85,74.4859,249.68,85,95,4.87
13,Albany,US,2022-11-15 00:25:38,42.6001,-73.9662,274.06,63,8,2.72
14,Tuatapere,NZ,2022-11-15 00:20:49,-46.1333,167.6833,292.57,50,100,3.07
15,Saldanha,ZA,2022-11-15 00:25:39,-33.0117,17.9442,289.18,85,67,3.33
16,Shimoda,JP,2022-11-15 00:25:39,34.6667,138.95,286.35,83,100,3.97
17,Hilo,US,2022-11-15 00:25:40,19.7297,-155.09,299.96,86,100,3.6
18,Hobart,AU,2022-11-15 00:22:44,-42.8794,147.3294,281.63,92,100,9.26
19,Vaini,TO,2022-11-15 00:25:40,-21.2,-175.2,301.24,78,40,2.57
20,Port Elizabeth,ZA,2022-11-15 00:25:41,-33.918,25.5701,291.31,82,0,7.72
21,Svobodnyy,RU,2022-11-15 00:25:41,51.4,128.1333,261.66,97,99,0.81
22,New Norfolk,AU,2022-11-15 00:25:41,-42.7826,147.0587,281.44,83,100,1.79
23,Perieti,RO,2022-11-15 00:25:42,44.4,24.55,278.75,90,94,2.44
24,Cururupu,BR,2022-11-15 00:25:42,-1.8283,-44.8683,298.88,80,50,2.76
25,Jamestown,US,2022-11-15 00:23:48,42.097,-79.2353,274.92,68,100,1.54
26,Husavik,IS,2022-11-15 00:25:43,66.0449,-17.3389,278.7,92,100,3.78
27,La Ronge,CA,2022-11-15 00:25:43,55.1001,-105.2842,268.29,80,100,0.0
28,Poronaysk,RU,2022-11-15 00:25:43,49.2167,143.1167,270.91,59,85,1.06
29,Batagay-Alyta,RU,2022-11-15 00:25:44,67.8006,130.4114,242.65,93,63,2.13
30,Rikitea,PF,2022-11-15 00:25:44,-23.1203,-134.9692,296.98,81,100,6.03
31,East London,ZA,2022-11-15 00:23:51,-33.0153,27.9116,291.94,77,75,9.0
32,Mehamn,NO,2022-11-15 00:25:45,71.0357,27.8492,277.12,70,40,7.72
33,Bredasdorp,ZA,2022-11-15 00:25:13,-34.5322,20.0403,289.46,66,100,2.66
34,Butaritari,KI,2022-11-15 00:25:46,3.0707,172.7902,299.94,81,47,4.66
35,Lompoc,US,2022-11-15 00:22:20,34.6391,-120.4579,290.38,67,0,4.63
36,Bambous Virieux,MU,2022-11-15 00:25:46,-20.3428,57.7575,295.29,60,40,3.09
37,Svetlogorsk,BY,2022-11-15 00:25:47,52.6333,29.7333,274.59,89,99,2.45
38,Ndele,CF,2022-11-15 00:25:47,8.4109,20.6473,294.83,34,8,1.93
39,Kaitangata,NZ,2022-11-15 00:25:48,-46.2817,169.8464,293.07,56,79,2.54
40,Marsa Matruh,EG,2022-11-15 00:25:48,31.3525,27.2453,291.55,69,28,3.64
41,Port Alfred,ZA,2022-11-15 00:25:48,-33.5906,26.891,291.03,85,84,1.79
42,Quatre Cocos,MU,2022-11-15 00:25:49,-20.2078,57.7625,295.21,59,78,7.25
43,Khasan,RU,2022-11-15 00:25:49,42.4308,130.6434,276.23,59,85,5.75
44,Salisbury,GB,2022-11-15 00:26:50,51.0693,-1.7957,286.49,89,75,5.14
45,Katsuura,JP,2022-11-15 00:26:50,35.1333,140.3,285.16,88,100,6.9
46,Cotonou,BJ,2022-11-15 00:23:37,6.3654,2.4183,301.14,83,20,4.63
47,Puerto Ayora,EC,2022-11-15 00:26:50,-0.7393,-90.3518,294.57,84,44,4.02
48,Sorland,NO,2022-11-15 00:23:10,67.667,12.6934,279.07,65,5,7.37
49,Tretiy Severnyy,RU,2022-11-15 00:26:51,60.2086,59.9611,258.09,91,100,5.04
50,Punta Arenas,CL,2022-11-15 00:26:52,-53.15,-70.9167,286.21,71,75,3.6
51,Tasiilaq,GL,2022-11-15 00:26:52,65.6145,-37.6368,274.24,96,100,2.54
52,Qaanaaq,GL,2022-11-15 00:26:53,77.484,-69.3632,253.17,73,5,2.55
53,Arraial Do Cabo,BR,2022-11-15 00:21:59,-22.9661,-42.0278,296.07,94,75,3.6
54,Bluff,NZ,2022-11-15 00:26:53,-46.6,168.3333,290.38,58,69,4.96
55,Natal,BR,2022-11-15 00:26:42,-5.795,-35.2094,299.51,83,75,3.6
56,Severo-Kurilsk,RU,2022-11-15 00:26:54,50.6789,156.125,274.38,94,98,10.48
57,Homer,US,2022-11-15 00:25:16,59.6425,-151.5483,278.02,77,0,2.24
58,Hithadhoo,MV,2022-11-15 00:26:54,-0.6,73.0833,300.75,75,98,7.04
59,Sorong,ID,2022-11-15 00:26:54,-0.8833,131.25,300.71,81,76,2.37
60,Wattegama,LK,2022-11-15 00:26:55,6.7989,81.4808,295.67,91,100,1.18
61,Ribeira Grande,PT,2022-11-15 00:26:55,38.5167,-28.7,290.8,83,72,2.24
62,Xiangfan,CN,2022-11-15 00:26:56,32.0422,112.1448,282.67,76,14,1.72
63,Atasu,KZ,2022-11-15 00:25:11,48.6814,71.6433,273.23,96,99,11.47
64,Acajutla,SV,2022-11-15 00:26:56,13.5928,-89.8275,299.67,75,73,1.87
65,Stillwater,US,2022-11-15 00:23:37,36.1156,-97.0584,275.31,92,100,3.09
66,Barrow,US,2022-11-15 00:26:57,71.2906,-156.7887,259.16,78,40,7.72
67,Narsaq,GL,2022-11-15 00:26:57,60.9167,-46.05,275.27,80,98,2.03
68,Tautira,PF,2022-11-15 00:26:58,-17.7333,-149.15,298.64,80,82,2.65
69,Alice Springs,AU,2022-11-15 00:22:23,-23.7,133.8833,295.9,31,5,5.14
70,Ambon,ID,2022-11-15 00:26:32,-3.6954,128.1814,304.23,70,40,1.54
71,Kidal,ML,2022-11-15 00:26:59,18.4411,1.4078,295.69,17,58,5.15
72,Avarua,CK,2022-11-15 00:26:59,-21.2078,-159.775,298.18,57,50,5.66
73,Castro,BR,2022-11-15 00:26:59,-24.7911,-50.0119,291.21,92,98,2.18
74,Naantali,FI,2022-11-15 00:27:00,60.4674,22.0243,279.32,100,100,2.06
75,Mujiayingzi,CN,2022-11-15 00:27:00,42.1167,118.7833,270.86,72,17,2.8
76,Kloulklubed,PW,2022-11-15 00:27:01,7.0419,134.2556,298.43,74,100,5.27
77,Nador,MA,2022-11-15 00:27:01,35.174,-2.9287,290.29,63,0,2.06
78,Loandjili,CG,2022-11-15 00:27:01,-4.7561,11.8578,297.21,88,40,1.03
79,Nhamunda,BR,2022-11-15 00:27:02,-2.1861,-56.7131,301.8,56,54,1.48
80,Bethel,US,2022-11-15 00:27:03,41.3712,-73.414,277.0,64,0,2.24
81,Fare,PF,2022-11-15 00:27:03,-16.7,-151.0167,299.18,77,95,2.48
82,Olafsvik,IS,2022-11-15 00:24:20,64.8945,-23.7142,280.23,79,60,2.28
83,Strzelin,PL,2022-11-15 00:27:05,50.7816,17.0648,282.91,85,9,2.84
84,Sur,OM,2022-11-15 00:27:05,22.5667,59.5289,298.71,58,0,3.57
85,Paciran,ID,2022-11-15 00:27:05,-6.8767,112.3761,300.48,79,100,1.93
86,Coihaique,CL,2022-11-15 00:27:06,-45.5752,-72.0662,286.12,54,20,5.66
87,Saskylakh,RU,2022-11-15 00:27:07,71.9167,114.0833,244.82,95,97,2.77
88,Norman Wells,CA,2022-11-15 00:27:07,65.282,-126.8329,264.17,86,75,5.14
89,Geraldton,AU,2022-11-15 00:27:08,-28.7667,114.6,299.38,21,0,10.29
90,Talnakh,RU,2022-11-15 00:26:30,69.4865,88.3972,242.29,89,25,1.82
91,Victoria,HK,2022-11-15 00:26:59,22.2855,114.1577,298.36,80,100,3.58
92,Lebu,CL,2022-11-15 00:28:08,-37.6167,-73.65,286.34,92,74,1.17
93,Sao Filipe,CV,2022-11-15 00:28:09,14.8961,-24.4956,297.43,74,75,5.04
94,Point Fortin,TT,2022-11-15 00:24:55,10.1833,-61.6833,298.09,83,81,6.21
95,Leningradskiy,RU,2022-11-15 00:28:09,69.3833,178.4167,254.02,95,73,2.05
96,San Andres,CO,2022-11-15 00:28:10,12.5847,-81.7006,301.16,83,20,5.14
97,Mar Del Plata,AR,2022-11-15 00:25:13,-38.0023,-57.5575,288.2,98,100,8.94
98,Lagoa,PT,2022-11-15 00:28:10,39.05,-27.9833,290.3,78,35,6.49
99,Soyo,AO,2022-11-15 00:28:11,-6.1349,12.3689,297.96,76,37,3.55
100,Zandvoort,NL,2022-11-15 00:28:11,52.3749,4.5341,280.37,95,100,3.09
101,Mercedes,AR,2022-11-15 00:28:12,-34.6515,-59.4307,292.51,59,16,3.27
102,Vao,NC,2022-11-15 00:28:13,-22.6667,167.4833,296.8,75,40,2.47
103,Beringovskiy,RU,2022-11-15 00:28:13,63.05,179.3167,272.77,81,20,6.83
104,Tuktoyaktuk,CA,2022-11-15 00:28:13,69.4541,-133.0374,263.15,92,100,10.8
105,Namibe,AO,2022-11-15 00:28:14,-15.1961,12.1522,291.49,81,27,3.82
106,Klaksvik,FO,2022-11-15 00:28:14,62.2266,-6.589,282.66,87,100,14.81
107,Ilulissat,GL,2022-11-15 00:28:15,69.2167,-51.1,271.16,74,100,8.75
108,Mangan,IN,2022-11-15 00:28:15,27.5167,88.5333,287.97,58,21,2.43
109,Srednekolymsk,RU,2022-11-15 00:28:15,67.45,153.6833,238.63,97,57,2.52
110,Clyde River,CA,2022-11-15 00:28:16,70.4692,-68.5914,254.28,71,0,6.69
111,Songjianghe,CN,2022-11-15 00:28:17,42.1859,127.479,271.22,69,63,1.37
112,Biloela,AU,2022-11-15 00:28:17,-24.4167,150.5,302.32,28,4,3.29
113,Albury,AU,2022-11-15 00:28:18,-36.0833,146.9167,288.16,100,4,3.58
114,Balykshi,KZ,2022-11-15 00:28:18,47.0667,51.8667,273.15,64,75,9.0
115,Camana,PE,2022-11-15 00:25:57,-16.6228,-72.7111,291.68,80,61,1.37
116,Tandalti,SD,2022-11-15 00:28:19,13.0167,31.8667,296.52,27,7,5.13
117,Grindavik,IS,2022-11-15 00:28:19,63.8424,-22.4338,280.12,93,75,4.12
118,Kadoma,JP,2022-11-15 00:28:20,34.7333,135.5833,288.51,64,20,1.54
119,Cape Town,ZA,2022-11-15 00:25:08,-33.9258,18.4232,289.41,75,0,0.51
120,Bombay,IN,2022-11-15 00:25:03,19.0144,72.8479,299.14,69,13,2.06
121,Hammerfest,NO,2022-11-15 00:28:20,70.6634,23.6821,276.4,81,75,3.6
122,Ponta Delgada,PT,2022-11-15 00:28:21,37.7333,-25.6667,291.76,94,40,2.57
123,Dunedin,NZ,2022-11-15 00:28:22,-45.8742,170.5036,290.82,69,100,3.58
124,Saurimo,AO,2022-11-15 00:25:32,-9.6608,20.3916,290.17,98,96,0.55
125,Pevek,RU,2022-11-15 00:28:22,69.7008,170.3133,250.62,100,100,0.98
126,Huntington,US,2022-11-15 00:23:34,38.4193,-82.4452,277.77,82,0,3.09
127,Ozimek,PL,2022-11-15 00:28:23,50.6794,18.2137,280.73,77,10,4.29
128,Yar-Sale,RU,2022-11-15 00:28:23,66.8333,70.8333,252.85,92,90,3.63
129,Lethem,GY,2022-11-15 00:28:24,3.3803,-59.7968,299.86,75,59,2.54
130,Agdangan,PH,2022-11-15 00:28:24,13.8725,121.9153,300.2,86,100,6.29
131,Kuminskiy,RU,2022-11-15 00:28:25,58.6667,66.5667,265.23,93,100,4.9
132,Kapaa,US,2022-11-15 00:28:25,22.0752,-159.319,300.33,73,40,7.72
133,Najran,SA,2022-11-15 00:28:26,17.4924,44.1277,288.51,40,0,0.65
134,Baykit,RU,2022-11-15 00:28:27,61.67,96.37,251.81,97,98,1.78
135,Yarada,IN,2022-11-15 00:28:27,17.65,83.2667,292.33,100,0,1.03
136,Omsukchan,RU,2022-11-15 00:28:27,62.5333,155.8,251.61,78,17,1.67
137,Cidreira,BR,2022-11-15 00:29:28,-30.1811,-50.2056,293.58,65,26,5.92
138,Talakan,RU,2022-11-15 00:29:28,50.3167,130.3667,265.85,91,94,0.63
139,San Policarpo,PH,2022-11-15 00:29:29,12.1791,125.5072,301.11,84,100,6.06
140,Carnarvon,AU,2022-11-15 00:29:30,-24.8667,113.6333,298.46,37,0,6.63
141,Caravelas,BR,2022-11-15 00:26:37,-17.7125,-39.2481,297.92,88,79,4.85
142,Lensk,RU,2022-11-15 00:29:30,60.7253,114.9278,238.42,100,40,1.72
143,Mgandu,TZ,2022-11-15 00:29:31,-5.95,34.1333,290.89,77,95,1.34
144,Hamilton,US,2022-11-15 00:26:48,39.1834,-84.5333,276.72,70,0,3.09
145,Ixtapa,MX,2022-11-15 00:29:31,20.7,-105.2,298.28,78,75,3.6
146,Hirakud,IN,2022-11-15 00:29:32,21.5167,83.8667,289.06,62,2,1.07
147,San Cristobal,VE,2022-11-15 00:25:26,7.7669,-72.225,296.25,96,47,0.55
148,Mweka,CD,2022-11-15 00:29:32,-4.85,21.5667,293.37,99,100,0.24
149,Collie,AU,2022-11-15 00:29:33,-33.3667,116.15,289.14,53,0,3.85
150,Alwar,IN,2022-11-15 00:29:33,27.5667,76.6,291.81,47,2,1.56
151,Port Blair,IN,2022-11-15 00:29:33,11.6667,92.75,298.17,94,40,1.03
152,Vestmannaeyjar,IS,2022-11-15 00:29:34,63.4427,-20.2734,281.1,85,68,5.16
153,Upernavik,GL,2022-11-15 00:29:35,72.7868,-56.1549,268.54,85,100,9.7
154,Rabo De Peixe,PT,2022-11-15 00:29:35,37.8,-25.5833,291.08,98,40,2.57
155,Bengkulu,ID,2022-11-15 00:29:35,-3.8004,102.2655,297.37,89,100,2.92
156,Constitucion,CL,2022-11-15 00:25:42,-35.3333,-72.4167,288.01,83,6,6.21
157,Hermanus,ZA,2022-11-15 00:29:36,-34.4187,19.2345,286.37,72,91,3.19
158,Faya,SA,2022-11-15 00:25:04,18.3851,42.4509,285.44,77,10,0.92
159,Niteroi,BR,2022-11-15 00:29:37,-22.8833,-43.1036,300.15,83,75,4.12
160,Sangar,RU,2022-11-15 00:29:37,63.9242,127.4739,238.69,98,98,1.84
161,Makakilo City,US,2022-11-15 00:29:38,21.3469,-158.0858,301.33,53,0,6.69
162,Morehead,US,2022-11-15 00:28:53,37.2711,-87.1764,278.14,78,73,2.72
163,Dolinsk,RU,2022-11-15 00:29:39,47.35,142.8,273.02,69,95,1.41
164,Fort-Shevchenko,KZ,2022-11-15 00:29:39,44.5086,50.263,279.89,59,99,10.98
165,Ust-Tsilma,RU,2022-11-15 00:29:39,65.441,52.1498,254.63,99,88,1.59
166,Sabzevar,IR,2022-11-15 00:29:40,36.2126,57.6819,280.75,57,0,0.0
167,Atambua,ID,2022-11-15 00:29:40,-9.1061,124.8925,301.3,65,70,0.8
168,Atar,MR,2022-11-15 00:29:41,20.5169,-13.0499,301.82,16,47,5.8
169,Khatanga,RU,2022-11-15 00:29:41,71.9667,102.5,249.54,97,100,6.23
170,Grand Falls,CA,2022-11-15 00:29:41,47.0461,-67.7418,271.38,87,38,3.96
171,Yulara,AU,2022-11-15 00:29:42,-25.2406,130.9889,295.72,24,14,8.25
172,Guerrero Negro,MX,2022-11-15 00:29:25,27.9769,-114.0611,293.04,40,93,4.62
173,San Patricio,US,2022-11-15 00:29:42,28.017,-97.5169,292.07,88,100,6.09
174,Manono,CD,2022-11-15 00:29:43,-7.3,27.4167,293.49,92,77,1.08
175,Iskilip,TR,2022-11-15 00:29:43,40.7353,34.4739,278.55,79,15,2.2
176,Klyuchi,RU,2022-11-15 00:29:44,52.2667,79.1667,277.79,73,100,8.13
177,Port Lincoln,AU,2022-11-15 00:29:44,-34.7333,135.8667,286.29,52,99,4.53
178,Esperance,AU,2022-11-15 00:29:44,-33.8667,121.9,289.06,67,61,5.46
179,Omidiyeh,IR,2022-11-15 00:29:45,30.7597,49.705,294.76,35,0,3.02
180,Mount Gambier,AU,2022-11-15 00:29:45,-37.8333,140.7667,282.1,81,75,9.77
181,Abay,KZ,2022-11-15 00:30:46,49.6311,72.8539,274.36,92,100,10.25
182,Dikson,RU,2022-11-15 00:30:46,73.5069,80.5464,257.01,96,100,9.33
183,Te Anau,NZ,2022-11-15 00:30:47,-45.4167,167.7167,292.06,42,100,3.6
184,Fukue,JP,2022-11-15 00:30:47,32.6881,128.8419,286.35,71,75,5.14
185,Puerto Escondido,MX,2022-11-15 00:30:48,15.85,-97.0667,301.61,61,20,2.57
186,Cabo San Lucas,MX,2022-11-15 00:29:23,22.8909,-109.9124,299.76,64,0,8.75
187,Lorengau,PG,2022-11-15 00:30:49,-2.0226,147.2712,302.14,71,94,1.31
188,Itoman,JP,2022-11-15 00:30:49,26.1247,127.6694,296.16,73,40,3.09
189,Kassala,SD,2022-11-15 00:30:49,15.451,36.4,298.95,54,0,2.22
190,Tinskoy,RU,2022-11-15 00:30:50,56.1525,96.9161,274.52,95,100,2.74
191,Ketchikan,US,2022-11-15 00:30:50,55.3422,-131.6461,279.41,87,100,2.06
192,Georgetown,MY,2022-11-15 00:30:08,5.4112,100.3354,298.11,99,40,1.54
193,Shumskiy,RU,2022-11-15 00:30:51,54.8318,99.1328,272.49,79,100,1.53
194,Thompson,CA,2022-11-15 00:26:40,55.7435,-97.8558,257.24,92,20,0.0
195,Warrensburg,US,2022-11-15 00:28:15,38.7628,-93.7361,277.6,64,100,0.0
196,Kiunga,PG,2022-11-15 00:30:52,-6.1219,141.2906,296.88,96,100,0.46
197,Huarmey,PE,2022-11-15 00:30:52,-10.0681,-78.1522,291.41,82,100,4.0
198,Kropotkin,RU,2022-11-15 00:30:53,45.4375,40.5756,275.39,77,6,1.83
199,Kilindoni,TZ,2022-11-15 00:30:53,-7.9139,39.6668,299.0,78,16,3.11
200,Kruisfontein,ZA,2022-11-15 00:30:53,-34.0033,24.7314,289.2,65,86,3.51
201,Morant Bay,JM,2022-11-15 00:30:54,17.8815,-76.4093,300.94,84,4,3.52
202,Hobyo,SO,2022-11-15 00:30:54,5.3505,48.5268,299.45,73,1,5.2
203,Fairbanks,US,2022-11-15 00:30:03,64.8378,-147.7164,271.13,92,100,0.0
204,Edd,ER,2022-11-15 00:30:55,13.9297,41.6925,300.05,57,0,6.2
205,Taoudenni,ML,2022-11-15 00:30:55,22.6783,-3.9836,298.47,14,100,4.79
206,Faanui,PF,2022-11-15 00:30:56,-16.4833,-151.75,298.96,79,100,2.71
207,Atuona,PF,2022-11-15 00:30:56,-9.8,-139.0333,298.58,76,6,6.82
208,Buluang,PH,2022-11-15 00:30:57,13.3068,123.3425,303.11,68,95,2.77
209,Baracoa,CU,2022-11-15 00:30:58,20.3467,-74.4958,298.73,87,39,2.97
210,Hami,CN,2022-11-15 00:30:58,42.8,93.45,274.51,45,100,1.08
211,Margate,GB,2022-11-15 00:27:49,51.3813,1.3862,284.19,84,49,1.34
212,Chokurdakh,RU,2022-11-15 00:30:58,70.6333,147.9167,246.67,99,100,4.82
213,Onufriyivka,UA,2022-11-15 00:30:59,48.9072,33.4487,275.38,78,96,1.01
214,Nadym,RU,2022-11-15 00:30:59,65.5333,72.5167,250.93,84,100,4.97
215,Qunduz,AF,2022-11-15 00:30:59,36.729,68.857,281.73,69,1,0.79
216,Ahipara,NZ,2022-11-15 00:31:00,-35.1667,173.1667,291.12,85,100,4.87
217,Bandar-E Anzali,IR,2022-11-15 00:31:00,37.4727,49.4622,286.21,73,63,2.53
218,Hohhot,CN,2022-11-15 00:29:04,40.8106,111.6522,266.31,86,0,2.0
219,Saint-Augustin,CA,2022-11-15 00:31:01,51.226,-58.6502,271.14,90,100,8.37
220,Cangucu,BR,2022-11-15 00:31:01,-31.395,-52.6756,288.71,92,72,5.13
221,Svetlaya,RU,2022-11-15 00:31:02,46.5389,138.3297,273.42,51,34,1.71
222,Rumonge,BI,2022-11-15 00:31:03,-3.9736,29.4386,294.89,83,100,0.93
223,Cayenne,GF,2022-11-15 00:31:03,4.9333,-52.3333,300.17,83,20,3.09
224,Harrogate,GB,2022-11-15 00:31:03,53.9908,-1.5373,283.67,96,100,1.79
225,Hofn,IS,2022-11-15 00:26:34,64.2539,-15.2082,280.69,89,100,6.78
226,Chuy,UY,2022-11-15 00:31:04,-33.6971,-53.4616,290.01,95,100,4.93
227,Crib Point,AU,2022-11-15 00:32:05,-38.35,145.2,286.26,72,100,8.66
228,Sampit,ID,2022-11-15 00:32:06,-2.5333,112.95,298.94,87,100,1.13
229,Fecamp,FR,2022-11-15 00:32:06,49.7579,0.3746,283.64,83,100,7.35
230,Tocopilla,CL,2022-11-15 00:31:54,-22.092,-70.1979,291.08,77,39,1.18
231,Adrar,MR,2022-11-15 00:32:07,20.5022,-10.0711,298.17,23,94,3.28
232,Tilichiki,RU,2022-11-15 00:32:07,60.4667,166.1,267.9,96,100,5.08
233,Auki,SB,2022-11-15 00:32:08,-8.7676,160.7034,303.06,63,11,2.11
234,Drummondville,CA,2022-11-15 00:31:01,45.8834,-72.4824,273.7,59,14,3.28
235,Portland,US,2022-11-15 00:27:53,45.5234,-122.6762,284.81,58,20,8.23
236,Juneau,US,2022-11-15 00:30:07,58.3019,-134.4197,278.15,100,100,4.63
237,Sioux Lookout,CA,2022-11-15 00:32:09,50.1001,-91.917,266.19,86,75,2.06
238,Kathu,TH,2022-11-15 00:32:09,7.9178,98.3332,298.05,83,99,4.79
239,Kondinskoye,RU,2022-11-15 00:32:10,59.6481,67.41,263.41,91,100,6.48
240,Aktau,KZ,2022-11-15 00:32:10,43.65,51.2,280.47,61,66,8.92
241,Ishigaki,JP,2022-11-15 00:32:11,24.3448,124.1572,298.22,73,75,4.12
242,Nam Dinh,VN,2022-11-15 00:32:11,20.4167,106.1667,299.07,80,8,2.01
243,Nara,JP,2022-11-15 00:27:26,34.6851,135.8049,288.13,47,18,1.34
244,Atocha,BO,2022-11-15 00:32:12,-20.9333,-66.2333,282.59,26,2,2.65
245,Mugur-Aksy,RU,2022-11-15 00:32:13,50.35,90.5,262.67,75,100,3.09
246,Port-Gentil,GA,2022-11-15 00:32:14,-0.7193,8.7815,298.92,85,100,5.15
247,Mayo,US,2022-11-15 00:32:14,38.8876,-76.5119,280.44,78,0,1.34
248,Tsabong,BW,2022-11-15 00:32:14,-26.0217,22.401,295.75,55,0,7.39
249,Kuching,MY,2022-11-15 00:32:15,1.55,110.3333,299.33,87,20,0.0
250,Oneonta,US,2022-11-15 00:32:15,42.4529,-75.0638,274.16,79,75,0.77
251,Akyab,MM,2022-11-15 00:32:16,20.15,92.9,295.07,77,5,2.76
252,Rorvik,NO,2022-11-15 00:32:16,64.8621,11.2373,278.14,100,100,2.06
253,Alofi,NU,2022-11-15 00:32:17,-19.0595,-169.9187,298.09,94,100,4.12
254,Petatlan,MX,2022-11-15 00:32:17,17.5167,-101.2667,303.04,84,100,1.46
255,Senanga,ZM,2022-11-15 00:32:18,-16.1167,23.2667,291.7,91,100,1.9
256,Kurilsk,RU,2022-11-15 00:32:19,45.2333,147.8833,276.91,61,100,3.23
257,Ilhabela,BR,2022-11-15 00:32:19,-23.7781,-45.3581,296.72,91,95,2.5
258,Isangel,VU,2022-11-15 00:32:20,-19.55,169.2667,302.21,79,20,1.54
259,Ponta Do Sol,PT,2022-11-15 00:32:21,32.6667,-17.1,294.1,69,100,0.27
260,Acapulco,MX,2022-11-15 00:30:37,16.8634,-99.8901,301.05,83,40,2.06
261,Hasaki,JP,2022-11-15 00:32:22,35.7333,140.8333,285.49,83,100,7.13
262,San Francisco,US,2022-11-15 00:29:28,37.7749,-122.4194,289.2,56,40,3.58
263,Petropavlovsk-Kamchatskiy,RU,2022-11-15 00:32:22,53.0452,158.6483,274.48,60,75,9.0
264,Sibolga,ID,2022-11-15 00:32:23,1.7427,98.7792,296.83,97,100,1.38
265,Mandalgovi,MN,2022-11-15 00:32:23,45.7625,106.2708,270.42,35,7,3.63
266,Houma,US,2022-11-15 00:29:57,29.5958,-90.7195,291.15,85,100,3.6
267,Nanortalik,GL,2022-11-15 00:32:24,60.1432,-45.2371,271.98,89,100,4.42
268,Vestmanna,FO,2022-11-15 00:32:25,62.1564,-7.1664,281.66,93,100,13.89
269,Iberia,US,2022-11-15 00:32:25,29.9502,-91.7507,289.13,88,100,4.12
270,Camacha,PT,2022-11-15 00:32:25,33.0833,-16.3333,290.83,88,20,2.06
271,Longyearbyen,SJ,2022-11-15 00:32:26,78.2186,15.6401,271.06,74,40,10.29
272,Avera,US,2022-11-15 00:32:27,33.194,-82.5271,283.18,57,100,4.28
273,Airai,TL,2022-11-15 00:33:27,-8.9266,125.4092,296.79,57,27,0.83
274,Mangrol,IN,2022-11-15 00:33:28,21.1167,70.1167,296.84,51,3,3.33
275,Maykor,RU,2022-11-15 00:33:29,59.0059,55.88,263.11,82,100,4.69
276,Huescar,ES,2022-11-15 00:33:29,37.811,-2.5412,284.96,75,100,1.83
277,Richards Bay,ZA,2022-11-15 00:33:29,-28.783,32.0377,292.96,72,78,0.71
278,Rurrenabaque,BO,2022-11-15 00:33:30,-14.4413,-67.5278,300.06,72,100,0.74
279,Komsomolskiy,UZ,2022-11-15 00:33:30,40.4272,71.7189,277.55,81,91,3.09
280,Neuquen,AR,2022-11-15 00:33:30,-38.9516,-68.0591,295.09,40,0,6.17
281,Maniitsoq,GL,2022-11-15 00:33:31,65.4167,-52.9,269.93,84,94,8.52
282,Hambantota,LK,2022-11-15 00:33:32,6.1241,81.1185,296.34,100,40,0.0
283,Jian,CN,2022-11-15 00:33:32,27.1172,114.9793,286.55,84,98,1.82
284,Khani,GE,2022-11-15 00:33:32,41.9563,42.9566,278.91,95,99,1.11
285,Torbay,CA,2022-11-15 00:33:33,47.6666,-52.7314,280.14,89,100,10.29
286,Grand Gaube,MU,2022-11-15 00:33:33,-20.0064,57.6608,295.37,62,1,1.79
287,Pochutla,MX,2022-11-15 00:33:34,15.7432,-96.4661,300.27,91,22,1.08
288,Salalah,OM,2022-11-15 00:33:34,17.0151,54.0924,296.7,53,5,1.21
289,Hall,US,2022-11-15 00:33:34,34.3168,-83.7832,281.23,55,20,3.09
290,Rincon,US,2022-11-15 00:30:54,32.296,-81.2354,288.07,69,100,4.63
291,Bathsheba,BB,2022-11-15 00:33:35,13.2167,-59.5167,300.49,83,75,13.38
292,Ihosy,MG,2022-11-15 00:33:35,-22.4,46.1167,291.5,90,45,2.57
293,Havoysund,NO,2022-11-15 00:33:36,70.9963,24.6622,277.28,72,100,11.21
294,Codrington,AU,2022-11-15 00:33:36,-38.2667,141.9667,283.63,67,97,7.8
295,Tazovskiy,RU,2022-11-15 00:33:36,67.4667,78.7,244.98,92,25,2.37
296,Palanga,LT,2022-11-15 00:33:37,55.9175,21.0686,280.16,93,100,2.57
297,Alekseyevsk,RU,2022-11-15 00:33:37,57.8406,108.3492,251.15,100,83,1.11
298,Balsas,BR,2022-11-15 00:33:38,-7.5325,-46.0356,299.67,70,24,0.58
299,Gambela,ET,2022-11-15 00:33:38,8.25,34.5833,294.26,82,0,1.14
300,Menongue,AO,2022-11-15 00:29:24,-14.6585,17.691,291.85,74,82,2.14
301,Harper,LR,2022-11-15 00:33:39,4.375,-7.7169,297.97,88,99,2.26
302,Touros,BR,2022-11-15 00:33:39,-5.1989,-35.4608,299.3,75,75,5.97
303,Maarianhamina,AX,2022-11-15 00:33:40,60.0973,19.9348,279.07,93,100,2.06
304,Pengcheng,CN,2022-11-15 00:33:40,36.4311,114.17,285.66,30,0,3.5
305,Naze,JP,2022-11-15 00:33:40,28.3667,129.4833,292.66,71,99,5.44
306,Tessalit,ML,2022-11-15 00:33:41,20.1986,1.0114,295.51,18,100,4.27
307,Rosetta,EG,2022-11-15 00:33:41,31.4044,30.4164,292.64,56,0,4.16
308,Marzuq,YE,2022-11-15 00:33:41,14.4,46.4667,288.66,58,0,0.87
309,Ahuimanu,US,2022-11-15 00:33:42,21.4447,-157.8378,301.99,63,40,6.69
310,Manaus,BR,2022-11-15 00:32:09,-3.1019,-60.025,303.42,70,0,3.09
311,Aklavik,CA,2022-11-15 00:33:42,68.2191,-135.0107,264.41,91,100,9.49
312,Mayna,RU,2022-11-15 00:33:42,54.1135,47.6231,268.16,70,100,7.4
313,Honiara,SB,2022-11-15 00:33:43,-9.4333,159.95,301.73,75,76,1.68
314,Saint-Philippe,RE,2022-11-15 00:33:43,-21.3585,55.7679,293.92,63,39,5.76
315,Imbituba,BR,2022-11-15 00:33:44,-28.24,-48.6703,294.76,88,100,1.9
316,Pittsburg,US,2022-11-15 00:33:44,38.028,-121.8847,289.2,50,0,3.09
317,Broome,US,2022-11-15 00:33:45,42.2506,-75.833,274.08,70,100,2.06
318,Fortuna,US,2022-11-15 00:33:45,40.5982,-124.1573,285.36,88,0,3.6
319,Karwar,IN,2022-11-15 00:34:46,14.8,74.1333,298.78,73,24,2.78
320,Anadyr,RU,2022-11-15 00:34:46,64.75,177.4833,271.43,80,67,8.0
321,Gat,IL,2022-11-15 00:30:04,31.61,34.7642,292.53,100,9,1.27
322,Carutapera,BR,2022-11-15 00:34:47,-1.195,-46.02,299.58,77,7,4.25
323,Wilmington,US,2022-11-15 00:34:35,34.2257,-77.9447,284.21,68,100,4.63
324,Catarina,GT,2022-11-15 00:34:48,14.85,-92.0833,300.87,94,69,1.09
325,Nakusp,CA,2022-11-15 00:34:48,50.2499,-117.8023,272.34,80,7,1.03
326,Aksu,CN,2022-11-15 00:34:49,41.1231,80.2644,274.07,51,93,1.64
327,Ostrovnoy,RU,2022-11-15 00:34:49,68.0531,39.5131,271.4,89,93,1.75
328,Sao Joao Da Barra,BR,2022-11-15 00:34:50,-21.6403,-41.0511,298.2,91,100,10.57
329,Boa Vista,BR,2022-11-15 00:34:50,2.8197,-60.6733,302.14,70,20,2.57
330,Shambu,ET,2022-11-15 00:34:51,9.5667,37.1,282.01,85,0,0.94
331,Aljezur,PT,2022-11-15 00:34:51,37.3191,-8.8033,290.45,94,96,3.55
332,Yingcheng,CN,2022-11-15 00:34:52,30.95,113.55,284.42,61,73,1.25
333,Teya,RU,2022-11-15 00:34:52,60.3778,92.6267,257.8,96,100,1.61
334,Simao,CN,2022-11-15 00:34:52,22.7886,100.9748,290.46,74,9,0.22
335,Nyurba,RU,2022-11-15 00:34:53,63.2842,118.3319,238.03,100,88,1.1
336,Umm Lajj,SA,2022-11-15 00:34:53,25.0213,37.2685,298.5,61,0,2.19
337,Meghri,AM,2022-11-15 00:34:53,38.9029,46.2446,279.48,82,80,0.89
338,Udachnyy,RU,2022-11-15 00:34:54,66.4167,112.4,239.32,100,79,1.81
339,Hibbing,US,2022-11-15 00:34:55,47.4272,-92.9377,268.93,61,100,3.09
340,Xichang,CN,2022-11-15 00:34:55,27.8964,102.2634,284.32,73,0,0.31
341,Dingle,PH,2022-11-15 00:34:56,10.9995,122.6711,301.91,78,100,3.79
342,Nome,US,2022-11-15 00:31:18,64.5011,-165.4064,261.19,79,0,0.0
343,Muzhi,RU,2022-11-15 00:34:56,65.3667,64.6667,254.5,92,100,4.17
344,Dawei,MM,2022-11-15 00:34:41,14.0833,98.2,299.1,83,79,1.73
345,Gillette,US,2022-11-15 00:34:57,44.2911,-105.5022,269.29,90,100,5.14
346,Opmeer,NL,2022-11-15 00:34:57,52.7067,4.9444,279.83,77,0,0.89
347,Pisco,PE,2022-11-15 00:34:57,-13.7,-76.2167,292.18,77,100,1.54
348,Skhisma,GR,2022-11-15 00:34:58,35.2667,25.7167,290.09,71,72,6.23
349,Kenai,US,2022-11-15 00:33:12,60.5544,-151.2583,277.2,79,0,2.06
350,Zhanakorgan,KZ,2022-11-15 00:34:58,43.9098,67.2495,278.5,83,13,5.27
351,Meulaboh,ID,2022-11-15 00:34:59,4.1363,96.1285,296.94,93,100,2.79
352,Bridgend,GB,2022-11-15 00:33:05,51.5058,-3.5772,285.44,91,100,1.34
353,Mae Sai,TH,2022-11-15 00:34:59,20.4335,99.8762,295.31,75,98,0.4
354,Mersing,MY,2022-11-15 00:35:00,2.4312,103.8405,297.1,94,20,0.0
355,Buzmeyin,TM,2022-11-15 00:35:01,38.0507,58.2056,283.0,62,75,4.12
356,Mirabad,AF,2022-11-15 00:35:01,30.4362,61.8383,287.2,29,70,2.92
357,Kutum,SD,2022-11-15 00:35:02,14.2,24.6667,289.06,25,100,3.53
358,Cherskiy,RU,2022-11-15 00:33:16,68.75,161.3,241.98,100,96,2.35
359,Bac Lieu,VN,2022-11-15 00:35:02,9.285,105.7244,301.12,80,99,7.09
360,Santo Domingo,DO,2022-11-15 00:33:20,18.5001,-69.9886,299.84,90,3,1.79
361,Danilov,RU,2022-11-15 00:35:03,58.1908,40.1717,269.94,87,7,2.79
362,Mahebourg,MU,2022-11-15 00:35:04,-20.4081,57.7,295.31,60,40,3.09
363,Baleshwar,IN,2022-11-15 00:35:04,21.4942,86.9317,289.45,54,4,2.89
364,Vallenar,CL,2022-11-15 00:36:04,-28.5708,-70.7581,296.81,26,40,2.1
365,Enciso,ES,2022-11-15 00:36:05,42.1495,-2.2695,284.45,75,100,5.8
366,Luocheng,CN,2022-11-15 00:36:05,29.3848,104.0286,285.62,74,2,0.98
367,Pangoa,PE,2022-11-15 00:36:06,-12.1167,-73.0,293.58,98,100,1.56
368,Lavrentiya,RU,2022-11-15 00:36:06,65.5833,-171.0,267.3,85,13,3.31
369,Paamiut,GL,2022-11-15 00:36:07,61.994,-49.6678,270.4,87,92,5.38
370,Yumen,CN,2022-11-15 00:36:07,40.2833,97.2,275.03,23,100,7.33
371,Krasnik,PL,2022-11-15 00:36:08,50.9236,22.2271,279.08,90,61,2.49
372,Mount Isa,AU,2022-11-15 00:36:08,-20.7333,139.5,299.02,25,1,5.66
373,Rosarito,MX,2022-11-15 00:36:09,32.3333,-117.0333,292.27,53,15,2.73
374,Kavieng,PG,2022-11-15 00:36:09,-2.5744,150.7967,302.82,68,100,4.92
375,Bossangoa,CF,2022-11-15 00:36:10,6.4926,17.4552,294.32,57,0,0.91
376,Mantua,IT,2022-11-15 00:34:11,45.1667,10.7833,281.68,91,100,0.89
377,Bandarbeyla,SO,2022-11-15 00:36:31,9.4942,50.8122,298.32,72,7,6.29
378,Mareeba,AU,2022-11-15 00:36:32,-17.0,145.4333,305.62,46,59,1.54
379,Kankon,IN,2022-11-15 00:36:32,15.0167,74.0167,300.22,67,74,2.16
380,Kisangani,CD,2022-11-15 00:36:32,0.5167,25.2,293.42,99,52,0.71
381,Eyl,SO,2022-11-15 00:36:33,7.9803,49.8164,297.86,76,21,5.05
382,Kailua,US,2022-11-15 00:36:33,21.4022,-157.7394,302.14,69,8,2.24
383,Saskatoon,CA,2022-11-15 00:35:31,52.1168,-106.6345,266.14,86,100,1.54
384,Yenotayevka,RU,2022-11-15 00:36:34,47.2456,47.0281,272.79,62,1,6.41
385,Vangaindrano,MG,2022-11-15 00:36:34,-23.35,47.6,294.64,90,100,3.05
386,Rairangpur,IN,2022-11-15 00:36:34,22.2676,86.1751,287.78,60,3,1.05
387,Kodiak,US,2022-11-15 00:36:35,57.79,-152.4072,273.88,86,0,2.57
388,Tuburan,PH,2022-11-15 00:36:35,6.6439,122.2736,303.2,70,91,1.31
389,Flic En Flac,MU,2022-11-15 00:36:35,-20.2742,57.3631,295.46,63,11,6.61
390,Salinas,US,2022-11-15 00:35:31,36.6777,-121.6555,289.49,70,0,4.12
391,Oktyabrskiy,RU,2022-11-15 00:36:36,54.4815,53.471,267.52,91,100,6.7
392,Olinda,BR,2022-11-15 00:36:11,-8.0089,-34.8553,300.0,74,75,2.57
393,Erdemli,TR,2022-11-15 00:36:09,36.605,34.3084,291.14,36,0,3.38
394,Vardo,NO,2022-11-15 00:36:36,70.3705,31.1107,274.14,93,75,5.14
395,Pimentel,PE,2022-11-15 00:36:37,-6.8367,-79.9342,290.44,85,8,6.08
396,Tateyama,JP,2022-11-15 00:36:37,34.9833,139.8667,285.43,83,100,8.39
397,Ulverstone,AU,2022-11-15 00:32:09,-41.15,146.1667,284.94,44,95,4.96
398,Krasnyy Yar,RU,2022-11-15 00:36:38,46.5331,48.3456,275.11,61,6,5.67
399,Douglas,US,2022-11-15 00:36:38,41.3,-96.167,273.48,76,100,2.57
400,Chernyshevskiy,RU,2022-11-15 00:36:39,63.0128,112.4714,237.93,100,8,0.22
401,Haines Junction,CA,2022-11-15 00:36:40,60.7522,-137.5108,277.12,81,100,1.54
402,Funtua,NG,2022-11-15 00:36:40,11.5233,7.3081,291.09,28,74,3.61
403,Anahuac,MX,2022-11-15 00:36:41,27.2333,-100.15,291.73,52,14,2.71
404,Kirakira,SB,2022-11-15 00:36:41,-10.4544,161.9205,301.73,74,28,1.93
405,Ormara,PK,2022-11-15 00:36:19,25.2088,64.6357,299.03,64,0,1.08
406,Shubarkuduk,KZ,2022-11-15 00:36:41,49.1447,56.4872,269.51,89,100,8.74
407,Sabha,LY,2022-11-15 00:36:42,27.0377,14.4283,288.53,41,0,1.84
408,Haapiti,PF,2022-11-15 00:36:42,-17.5667,-149.8667,302.0,77,100,1.28
409,Rawson,AR,2022-11-15 00:36:43,-43.3002,-65.1023,294.93,39,88,4.51
410,Otane,NZ,2022-11-15 00:36:43,-39.8833,176.6333,291.49,48,0,2.62
411,Tabou,CI,2022-11-15 00:37:43,4.423,-7.3528,297.84,89,96,2.0
412,Pocatello,US,2022-11-15 00:33:04,42.8713,-112.4455,269.1,80,0,1.54
413,Dedham,US,2022-11-15 00:37:44,42.2418,-71.1662,276.43,62,0,3.58
414,Puro,PH,2022-11-15 00:37:44,12.4841,123.3827,300.75,83,100,5.76
415,Parrita,CR,2022-11-15 00:37:45,9.5201,-84.3225,297.8,88,71,1.18
416,Belousovka,KZ,2022-11-15 00:37:45,50.1339,82.5239,279.62,53,100,8.0
417,Half Moon Bay,US,2022-11-15 00:37:45,37.4636,-122.4286,289.17,60,0,3.6
418,Pacific Grove,US,2022-11-15 00:37:46,36.6177,-121.9166,287.6,80,0,4.12
419,Pyu,MM,2022-11-15 00:37:46,18.4833,96.4333,295.19,82,96,2.43
420,Shadegan,IR,2022-11-15 00:37:47,30.6497,48.6647,289.12,27,3,3.47
421,Santiago Del Estero,AR,2022-11-15 00:36:02,-27.7951,-64.2615,297.51,30,0,2.76
422,Japura,ID,2022-11-15 00:37:47,-0.3167,102.35,299.0,85,99,1.29
423,Howard Springs,AU,2022-11-15 00:37:48,-12.497,131.047,304.1,87,100,1.62
424,Gamba,GA,2022-11-15 00:37:48,-2.65,10.0,297.67,86,92,3.46
425,Murray Bridge,AU,2022-11-15 00:37:49,-35.1167,139.2667,286.0,49,72,5.63
426,Porto Walter,BR,2022-11-15 00:37:49,-8.2686,-72.7439,297.02,86,100,1.17
427,Iqaluit,CA,2022-11-15 00:37:50,63.7506,-68.5145,262.0,79,100,1.03
428,Aykhal,RU,2022-11-15 00:33:24,66.0,111.5,243.4,100,86,2.32
429,Konevo,RU,2022-11-15 00:37:50,62.1215,39.3192,271.62,86,100,1.28
430,Dunmore Town,BS,2022-11-15 00:37:51,25.5,-76.65,299.68,73,0,5.29
431,Tiksi,RU,2022-11-15 00:37:51,71.6872,128.8694,249.4,91,100,5.8
432,Lazaro Cardenas,MX,2022-11-15 00:37:52,17.9583,-102.2,298.82,81,100,2.8
433,Senno,RU,2022-11-15 00:37:52,59.5336,33.9167,272.18,88,100,2.04
434,Mbandaka,CD,2022-11-15 00:37:53,0.0487,18.2603,294.39,98,100,1.46
435,Mountain Home,US,2022-11-15 00:37:53,43.133,-115.6912,273.86,64,20,1.03
436,Mitsamiouli,KM,2022-11-15 00:37:53,-11.3847,43.2844,298.59,81,7,3.95
437,Alta Floresta,BR,2022-11-15 00:37:54,-9.8756,-56.0861,295.59,87,54,0.92
438,Huilong,CN,2022-11-15 00:37:55,31.8111,121.655,285.89,56,5,3.06
439,Altar,MX,2022-11-15 00:37:55,30.7,-111.8167,289.65,16,12,2.58
440,Perth,AU,2022-11-15 00:35:53,-31.9333,115.8333,294.63,49,0,9.26
441,Tuy Hoa,VN,2022-11-15 00:37:55,13.0833,109.3,298.63,90,86,2.82
442,Kaka,TM,2022-11-15 00:37:56,37.3482,59.6143,283.02,59,0,3.26
443,Kumano,JP,2022-11-15 00:37:56,34.3442,132.5894,285.8,60,40,0.8
444,Nalgonda,IN,2022-11-15 00:37:57,17.05,79.2667,292.48,73,7,2.03
445,Souillac,MU,2022-11-15 00:37:57,-20.5167,57.5167,295.36,60,40,3.09
446,Newport,GB,2022-11-15 00:37:57,51.5877,-2.9984,286.18,86,100,9.31
447,Bambanglipuro,ID,2022-11-15 00:37:58,-7.95,110.2833,299.96,80,100,0.55
448,Talcahuano,CL,2022-11-15 00:35:30,-36.7167,-73.1167,288.97,88,0,4.63
449,Itarema,BR,2022-11-15 00:37:58,-2.9248,-39.9167,299.55,77,52,6.22
450,Abu Kamal,SY,2022-11-15 00:37:59,34.4506,40.9171,289.67,49,16,2.02
451,Manado,ID,2022-11-15 00:38:00,1.487,124.8455,303.58,74,20,1.03
452,Lasa,IT,2022-11-15 00:38:00,46.6166,10.7002,278.64,83,12,0.31
453,Flinders,AU,2022-11-15 00:38:01,-34.5833,150.8552,293.36,71,30,1.79
454,Akdepe,TM,2022-11-15 00:39:01,42.0551,59.3788,278.2,65,6,6.14
455,Tianpeng,CN,2022-11-15 00:39:02,30.9866,103.9393,282.41,74,98,1.88
456,Placido De Castro,BR,2022-11-15 00:39:03,-10.3353,-67.1856,296.69,96,100,0.26
457,Leh,IN,2022-11-15 00:39:03,34.1667,77.5833,265.0,79,69,0.94
458,Mayor Pablo Lagerenza,PY,2022-11-15 00:39:04,-19.9309,-60.7718,296.49,69,0,1.96
459,Kungurtug,RU,2022-11-15 00:39:04,50.5994,97.5228,260.22,91,14,0.8
460,Aasiaat,GL,2022-11-15 00:39:04,68.7098,-52.8699,269.42,96,100,2.38
461,Roswell,US,2022-11-15 00:35:21,34.0232,-84.3616,281.66,62,75,2.57
462,Minggang,CN,2022-11-15 00:39:05,32.4586,114.0486,284.69,58,0,2.09
463,Luau,AO,2022-11-15 00:39:05,-10.7073,22.2247,289.82,96,100,1.1
464,Champerico,GT,2022-11-15 00:39:06,14.3,-91.9167,302.45,79,21,2.22
465,Padang,ID,2022-11-15 00:39:07,-0.9492,100.3543,297.18,89,100,1.38
466,Chiang Rai,TH,2022-11-15 00:39:08,19.9167,99.9167,298.7,99,20,1.54
467,Vila Franca Do Campo,PT,2022-11-15 00:39:08,37.7167,-25.4333,291.59,92,56,1.94
468,Sao Felix Do Xingu,BR,2022-11-15 00:39:09,-6.6447,-51.995,296.69,90,77,0.75
469,Awbari,LY,2022-11-15 00:39:09,26.5921,12.7805,287.32,41,2,2.03
470,Chara,RU,2022-11-15 00:39:10,56.9064,118.2631,257.55,95,100,0.65
471,Vryburg,ZA,2022-11-15 00:39:10,-26.9566,24.7284,292.92,63,38,6.29
472,Seoul,KR,2022-11-15 00:36:19,37.5683,126.9778,281.84,73,75,3.6
473,Kushmurun,KZ,2022-11-15 00:39:11,52.4503,64.6311,271.13,96,100,7.09
474,Sabang,ID,2022-11-15 00:39:11,5.8933,95.3214,299.79,80,100,5.94
475,Sanivarsante,IN,2022-11-15 00:39:12,12.7333,75.9,290.52,97,100,1.53
476,Nuuk,GL,2022-11-15 00:39:12,64.1835,-51.7216,270.49,93,100,3.09
477,Qarqin,AF,2022-11-15 00:39:13,37.4185,66.0436,283.75,54,6,7.17
478,Ternate,ID,2022-11-15 00:39:13,0.8,127.4,302.37,71,55,1.77
479,Tevaitoa,PF,2022-11-15 00:39:13,-16.7833,-151.5,299.1,78,100,2.6
480,Pringsewu,ID,2022-11-15 00:39:14,-5.3582,104.9744,299.89,72,100,1.43
481,Verkh-Usugli,RU,2022-11-15 00:39:15,52.7,115.1667,263.32,88,25,1.49
482,Hede,CN,2022-11-15 00:39:15,33.7681,120.2517,283.48,40,100,2.88
483,Safford,US,2022-11-15 00:39:15,32.834,-109.7076,287.66,23,0,3.6
484,Vila Velha,BR,2022-11-15 00:39:16,-20.3297,-40.2925,298.12,88,75,3.6
485,Pierre,US,2022-11-15 00:35:11,44.3683,-100.351,269.66,86,100,2.06
486,Berwick,US,2022-11-15 00:39:16,41.0545,-76.2333,275.38,70,84,1.27
487,Bonavista,CA,2022-11-15 00:39:17,48.6499,-53.1147,278.37,80,82,10.81
488,Bara,NG,2022-11-15 00:39:17,10.3744,10.7288,294.31,29,41,3.18
489,Qianguo,CN,2022-11-15 00:39:18,45.1171,124.8568,270.17,68,5,1.16
490,Samdari,IN,2022-11-15 00:39:18,25.8167,72.5833,293.76,42,0,1.6
491,Saint George,US,2022-11-15 00:39:19,37.1041,-113.5841,284.48,37,0,4.12
492,Katobu,ID,2022-11-15 00:39:19,-4.9408,122.5276,302.84,69,91,1.01
493,Mana,GF,2022-11-15 00:39:20,5.6592,-53.7767,299.39,87,98,5.49
494,Roald,NO,2022-11-15 00:39:21,62.5833,6.1333,286.67,76,100,8.23
495,Manbij,SY,2022-11-15 00:39:21,36.5281,37.9549,287.5,43,12,3.44
496,North Bend,US,2022-11-15 00:39:22,43.4065,-124.2243,286.1,80,0,2.57
497,Alice Town,BS,2022-11-15 00:39:22,25.7167,-79.3,299.37,67,0,5.14
498,Zaysan,KZ,2022-11-15 00:39:23,47.4667,84.8667,277.6,34,100,3.95
499,Kashi,CN,2022-11-15 00:39:24,39.4547,75.9797,275.71,44,0,4.0
500,Wajima,JP,2022-11-15 00:40:24,37.4,136.9,286.53,71,40,2.06
501,Montbrison,FR,2022-11-15 00:40:25,45.6667,4.0833,285.34,90,100,1.16
502,Kokoda,PG,2022-11-15 00:40:26,-8.8785,147.7407,304.85,61,98,2.39
503,Mayya,RU,2022-11-15 00:40:27,61.7333,130.2811,237.77,98,97,2.43
504,Olga,RU,2022-11-15 00:40:27,43.7444,135.2892,274.61,46,7,2.36
505,Joshimath,IN,2022-11-15 00:40:27,30.5667,79.5667,280.35,70,46,2.71
506,Mabaruma,GY,2022-11-15 00:40:28,8.2,-59.7833,296.31,98,43,1.29
507,Deputatskiy,RU,2022-11-15 00:40:29,69.3,139.9,239.85,97,64,2.45
508,Excelsior Springs,US,2022-11-15 00:40:29,39.3392,-94.2261,278.61,70,100,0.0
509,Alihe,CN,2022-11-15 00:40:30,50.5667,123.7167,264.64,75,45,0.99
510,Muros,ES,2022-11-15 00:40:30,42.7762,-9.0603,289.17,86,100,12.33
511,Pombas,CV,2022-11-15 00:40:31,17.1503,-25.0201,296.03,63,81,4.08
512,Eureka,US,2022-11-15 00:38:49,40.8021,-124.1637,285.51,93,0,0.89
513,Pangnirtung,CA,2022-11-15 00:40:32,66.1451,-65.7125,258.1,94,100,1.31
514,Tecoanapa,MX,2022-11-15 00:40:32,16.5167,-98.75,299.73,78,4,3.23
515,Moranbah,AU,2022-11-15 00:40:32,-22.0016,148.0466,305.0,42,2,2.77
516,High Level,CA,2022-11-15 00:40:08,58.5169,-117.136,269.21,100,75,2.06
517,Cuenca,EC,2022-11-15 00:40:33,-2.8833,-78.9833,289.22,55,40,2.57
518,Sitka,US,2022-11-15 00:40:33,57.0531,-135.33,281.09,76,100,8.23
519,Nishihara,JP,2022-11-15 00:40:34,26.1842,127.7558,295.75,78,75,4.63
520,Virginia Beach,US,2022-11-15 00:37:46,36.8529,-75.978,280.38,71,0,0.0
521,Bitung,ID,2022-11-15 00:40:35,1.4451,125.1824,303.62,67,100,0.29
522,Taksimo,RU,2022-11-15 00:40:35,56.3444,114.8794,260.97,92,100,0.28
523,Byron Bay,AU,2022-11-15 00:40:05,-28.65,153.6167,301.32,45,0,4.06
524,Xining,CN,2022-11-15 00:39:10,36.6167,101.7667,273.96,60,97,0.72
525,Algiers,DZ,2022-11-15 00:36:10,36.7525,3.042,285.05,82,20,0.51
526,Teguldet,RU,2022-11-15 00:40:36,57.3064,88.1667,275.14,98,100,5.53
527,Urumqi,CN,2022-11-15 00:40:36,43.801,87.6005,269.68,93,8,1.0
528,Meaford,CA,2022-11-15 00:40:37,44.6001,-80.583,274.33,71,100,1.38
529,Vaitape,PF,2022-11-15 00:40:37,-16.5167,-151.75,298.95,79,100,2.76
530,Rexburg,US,2022-11-15 00:40:37,43.826,-111.7897,269.88,94,9,1.48
531,Rondonopolis,BR,2022-11-15 00:39:47,-16.4708,-54.6356,295.33,89,100,1.24
532,Demirci,TR,2022-11-15 00:40:38,39.0461,28.6589,278.3,71,9,2.54
533,Izyum,UA,2022-11-15 00:40:38,49.2088,37.2485,271.8,74,0,1.88
534,Ancud,CL,2022-11-15 00:40:38,-41.8697,-73.8203,285.48,97,100,6.08
535,Mackay,AU,2022-11-15 00:40:39,-21.15,149.2,307.97,69,82,5.22
536,Okhotsk,RU,2022-11-15 00:38:12,59.3833,143.3,262.23,91,100,2.97
537,Levelland,US,2022-11-15 00:40:39,33.5873,-102.378,273.81,61,6,5.51
538,Capao Da Canoa,BR,2022-11-15 00:40:40,-29.7456,-50.0097,292.52,79,0,1.73
539,Coquimbo,CL,2022-11-15 00:40:40,-29.9533,-71.3436,288.0,94,0,2.06
540,Naples,IT,2022-11-15 00:40:41,40.8333,14.25,289.18,94,20,1.03
541,Westport,US,2022-11-15 00:37:31,41.1415,-73.3579,278.33,57,0,2.57
542,Cherrapunji,IN,2022-11-15 00:40:41,25.3,91.7,283.65,58,0,2.05
543,Kota Bahru,MY,2022-11-15 00:40:41,6.1333,102.2386,298.14,100,40,1.03
544,Tura,IN,2022-11-15 00:40:42,25.5198,90.2201,289.78,87,0,1.53
545,Wanaka,NZ,2022-11-15 00:40:42,-44.7,169.15,293.77,46,100,3.43
546,Zeya,RU,2022-11-15 00:41:43,53.75,127.2667,263.6,90,100,1.07
547,Kabare,CD,2022-11-15 00:41:43,-2.4683,28.8242,289.85,95,98,0.4
548,Niquero,CU,2022-11-15 00:41:44,20.0431,-77.5828,299.53,79,11,4.58
549,Moose Factory,CA,2022-11-15 00:41:44,51.2585,-80.6094,268.15,86,40,5.14
550,Tamandare,BR,2022-11-15 00:41:44,-8.7597,-35.1047,297.8,87,12,3.86
551,Tariba,VE,2022-11-15 00:41:45,7.8188,-72.2243,296.46,95,80,0.77
552,Poum,NC,2022-11-15 00:41:46,-20.2333,164.0167,298.11,78,41,2.0
553,Sambava,MG,2022-11-15 00:41:46,-14.2667,50.1667,294.22,90,12,2.29
554,Gusinoye Ozero,RU,2022-11-15 00:41:46,51.1144,106.2614,263.7,91,100,1.15
555,Shahe,CN,2022-11-15 00:41:47,39.2708,113.5478,275.88,42,0,3.44
556,Nhulunbuy,AU,2022-11-15 00:41:47,-12.2333,136.7667,304.07,60,100,4.46
557,Bilma,NE,2022-11-15 00:41:48,18.6853,12.9164,292.08,25,2,4.02
558,Zaraysk,RU,2022-11-15 00:41:48,54.7653,38.8836,270.57,80,12,3.57
559,The Valley,AI,2022-11-15 00:41:48,18.217,-63.0578,300.43,77,7,9.36
560,Shwebo,MM,2022-11-15 00:41:49,22.5667,95.7,291.92,76,0,2.1
